VisitorType,False,True
New_Visitor,11.38227840679177,9.224670838292276
Other,19.421989451807693,4.484123112857143
Returning_Visitor,4.800944523789693,5.7100100744538205
